{
   "dashboards": [{
      "autoswitchDelay": 300,
      "autoswitchEnabled": false,
      "autoswitchTabId": "null",
      "columnCount": 1,
      "columnProportion": "1",
      "creationTime": 1574367915961,
      "dashboardNavigations": {},
      "description": "",
      "disabled": false,
      "gridsterMaxColumns": 12,
      "hidden": false,
      "homeTab": false,
      "id": "b382f838-f859-4681-9f1c-704471c9dfb3",
      "importAttempts": 0,
      "importComplete": true,
      "lastUpdateTime": 1588343681027,
      "lastUpdateUserId": "6df558f7-25df-4222-96b9-ade784399d19",
      "locked": false,
      "name": "Shared Dashboards (GBrandon)/Cost/Reclaimable Hosts",
      "namePath": "Shared Dashboards (GBrandon)/Cost",
      "rank": 0,
      "shared": true,
      "states": [],
      "temporary": false,
      "userId": "6df558f7-25df-4222-96b9-ade784399d19",
      "widgetInteractions": [],
      "widgets": [
         {
            "collapsed": true,
            "config": {
               "chartViewItems": [],
               "refreshContent": {"refreshContent": true},
               "refreshInterval": 300,
               "resource": {
                  "adapterKindId": "VMWARE",
                  "allowDrag": true,
                  "allowDrop": true,
                  "checked": null,
                  "children": null,
                  "cls": "",
                  "depth": 1,
                  "expandable": true,
                  "expanded": false,
                  "href": "",
                  "hrefTarget": "",
                  "icon": "",
                  "iconCls": "resknd_default_vmware_vsphereworld",
                  "iconSrc": "images/resknd/default/16x16/VMWARE_vSphere World.png",
                  "id": "652ec7d3-4e7f-4463-b5b2-64f75af7899b",
                  "index": 0,
                  "isFirst": true,
                  "isLast": true,
                  "leaf": false,
                  "loaded": false,
                  "loading": false,
                  "nodeType": "resource",
                  "parentId": "source",
                  "qshowDelay": 0,
                  "qtip": "",
                  "qtitle": "",
                  "resourceId": "resource:id:0_::_",
                  "resourceKindId": "002006VMWAREvSphere World",
                  "resourceKindKey": "vSphere World",
                  "resourceKindName": "vSphere World",
                  "resourceKindType": 8,
                  "resourceName": "vSphere World",
                  "root": false,
                  "rootResourceId": "652ec7d3-4e7f-4463-b5b2-64f75af7899b",
                  "text": "vSphere World",
                  "traversalSpecId": "vSphere Hosts and Clusters-VMWARE-vSphere World",
                  "uniqueId": "652ec7d3-4e7f-4463-b5b2-64f75af7899b_1542662292172",
                  "visible": true
               },
               "selectFirstRow": {"selectFirstRow": false},
               "selfProvider": {"selfProvider": true},
               "title": "Reclaimable Hosts Detail",
               "traversalSpecId": null,
               "viewDefinitionId": "54d249ea-79a5-4f9f-a946-df9ff2159244"
            },
            "gridsterCoords": {
               "h": 1,
               "w": 12,
               "x": 1,
               "y": 18
            },
            "height": 552,
            "id": "65728571-a359-4f0b-97c3-9b649efa1a42",
            "title": "Reclaimable Hosts Detail",
            "type": "View"
         },
         {
            "collapsed": false,
            "config": {
               "chartViewItems": [
                  "legend",
                  "labels"
               ],
               "refreshContent": {"refreshContent": true},
               "refreshInterval": 300,
               "resource": {
                  "adapterKindId": "VMWARE",
                  "allowDrag": true,
                  "allowDrop": true,
                  "checked": null,
                  "children": null,
                  "cls": "",
                  "depth": 1,
                  "expandable": true,
                  "expanded": false,
                  "href": "",
                  "hrefTarget": "",
                  "icon": "",
                  "iconCls": "resknd_default_vmware_vsphereworld",
                  "iconSrc": "images/resknd/default/16x16/VMWARE_vSphere World.png",
                  "id": "652ec7d3-4e7f-4463-b5b2-64f75af7899b",
                  "index": 0,
                  "isFirst": true,
                  "isLast": true,
                  "leaf": false,
                  "loaded": false,
                  "loading": false,
                  "nodeType": "resource",
                  "parentId": "source",
                  "qshowDelay": 0,
                  "qtip": "",
                  "qtitle": "",
                  "resourceId": "resource:id:0_::_",
                  "resourceKindId": "002006VMWAREvSphere World",
                  "resourceKindKey": "vSphere World",
                  "resourceKindName": "vSphere World",
                  "resourceKindType": 8,
                  "resourceName": "vSphere World",
                  "root": false,
                  "rootResourceId": "652ec7d3-4e7f-4463-b5b2-64f75af7899b",
                  "text": "vSphere World",
                  "traversalSpecId": "vSphere Hosts and Clusters-VMWARE-vSphere World",
                  "uniqueId": "652ec7d3-4e7f-4463-b5b2-64f75af7899b_1542662253246",
                  "visible": true
               },
               "selectFirstRow": {"selectFirstRow": false},
               "selfProvider": {"selfProvider": true},
               "title": "Reclaimable Hosts Cost Pie Chart",
               "traversalSpecId": null,
               "viewDefinitionId": "2f5a950f-0785-433a-8d2b-fb6f8191bf1c"
            },
            "gridsterCoords": {
               "h": 9,
               "w": 6,
               "x": 1,
               "y": 1
            },
            "height": 495,
            "id": "dc7e6d8a-6b66-4f8b-867f-39c3807727b7",
            "title": "Reclaimable Hosts Cost Pie Chart",
            "type": "View"
         },
         {
            "collapsed": false,
            "config": {
               "additionalColumns": [],
               "additionalColumns_resource": [],
               "barsCount": 10,
               "depth": 10,
               "filterMode": "tagFilter",
               "filterOldMetrics": {"filterOldMetrics": false},
               "metricOption": {
                  "metricInfo": {
                     "path": ["/source/GROUP_Super Metric/Super Metric|sm_bfab4837-a74e-4fe6-b63d-3bb47bc9c729"],
                     "value": "Super Metric|sm_bfab4837-a74e-4fe6-b63d-3bb47bc9c729"
                  },
                  "resourceKindId": ["resourceKind:id:0_::_"],
                  "tagFilter": null,
                  "value": {"metricOption": "metricsHighestUtilization"}
               },
               "mode": "metric",
               "refreshContent": {"refreshContent": true},
               "refreshInterval": 300,
               "regenerationTime": 15,
               "roundDecimals": 1,
               "selfProvider": {"selfProvider": true},
               "tagOption": {
                  "tagFilter": null,
                  "value": {"tagOption": "leastHealthyApplications"}
               },
               "title": "Top 10 Clusters with Reclaimable Hosts"
            },
            "gridsterCoords": {
               "h": 8,
               "w": 6,
               "x": 1,
               "y": 10
            },
            "height": 438,
            "id": "6f7f8ac4-c582-49fc-ab80-215408fdaf6b",
            "title": "Top 10 Clusters with Reclaimable Hosts",
            "type": "ParetoAnalysis"
         },
         {
            "collapsed": false,
            "config": {
               "additionalColumns": [],
               "additionalColumns_resource": [],
               "barsCount": 10,
               "depth": 10,
               "filterMode": "tagFilter",
               "filterOldMetrics": {"filterOldMetrics": false},
               "metricOption": {
                  "metricInfo": {
                     "path": ["/source/GROUP_Super Metric/Super Metric|sm_10957abc-8a45-456a-a979-d3233524e158"],
                     "value": "Super Metric|sm_10957abc-8a45-456a-a979-d3233524e158"
                  },
                  "resourceKindId": ["resourceKind:id:0_::_"],
                  "tagFilter": null,
                  "value": {"metricOption": "metricsHighestUtilization"}
               },
               "mode": "metric",
               "refreshContent": {"refreshContent": true},
               "refreshInterval": 300,
               "regenerationTime": 15,
               "roundDecimals": 1,
               "selfProvider": {"selfProvider": true},
               "tagOption": {
                  "tagFilter": null,
                  "value": {"tagOption": "leastHealthyApplications"}
               },
               "title": "Top 10 Clusters with Reclaimable Hosts by Cost"
            },
            "gridsterCoords": {
               "h": 8,
               "w": 6,
               "x": 7,
               "y": 10
            },
            "height": 438,
            "id": "b3bdcec0-3ae2-4798-a7be-cdbbb3a21a78",
            "title": "Top 10 Clusters with Reclaimable Hosts by Cost",
            "type": "ParetoAnalysis"
         },
         {
            "collapsed": false,
            "config": {
               "customFilter": {
                  "excludedResources": null,
                  "filter": [{
                     "filterTypes": [{
                        "condition": "GREATER_THAN",
                        "filterType": "metrics",
                        "metricKey": "Super Metric|sm_10957abc-8a45-456a-a979-d3233524e158",
                        "metricValue": {
                           "isStringMetric": false,
                           "value": 0
                        }
                     }],
                     "resourceKind": "002006VMWAREClusterComputeResource"
                  }],
                  "includedResources": null
               },
               "depth": 1,
               "metric": {
                  "mode": "resourceKind",
                  "resourceKindMetrics": [{
                     "colorMethod": 2,
                     "id": "extModel9446-1",
                     "isStringMetric": false,
                     "metricKey": "Super Metric|sm_ff55995f-9a89-4a0f-a1ea-b04be95d3335",
                     "metricName": "Super Metrics|Potential Savings from Reclaimable Hosts",
                     "metricUnitId": "currencymonth",
                     "orangeBound": null,
                     "redBound": null,
                     "resourceKindId": "resourceKind:id:1_::_",
                     "resourceKindName": "vSphere World",
                     "unit": "US$/Month",
                     "yellowBound": null
                  }],
                  "resourceMetrics": [],
                  "subMode": "resourceKindAll"
               },
               "refreshContent": {"refreshContent": false},
               "refreshInterval": 300,
               "relationshipMode": {"relationshipMode": 0},
               "resInteractionMode": null,
               "resource": [],
               "selfProvider": {"selfProvider": true},
               "title": "Potential Savings"
            },
            "gridsterCoords": {
               "h": 9,
               "w": 6,
               "x": 7,
               "y": 1
            },
            "height": 495,
            "id": "e9c86bfa-2233-41a3-a8b7-38c2dd886561",
            "states": [
               {
                  "key": "permMetricChart_widget_b382f838-f859-4681-9f1c-704471c9dfb3_e9c86bfa-2233-41a3-a8b7-38c2dd886561",
                  "value": "o%3A"
               },
               {
                  "key": "permBtn_splitGraphs_permMetricChart_widget_b382f838-f859-4681-9f1c-704471c9dfb3_e9c86bfa-2233-41a3-a8b7-38c2dd886561",
                  "value": "b%3A0"
               },
               {
                  "key": "perm_toolbarVisible_widget_b382f838-f859-4681-9f1c-704471c9dfb3_e9c86bfa-2233-41a3-a8b7-38c2dd886561",
                  "value": "b%3A0"
               },
               {
                  "key": "permDateRange1_permMetricChart_widget_b382f838-f859-4681-9f1c-704471c9dfb3_e9c86bfa-2233-41a3-a8b7-38c2dd886561",
                  "value": "s%3A%7B%22dateRange%22%3A%22last30Days%22%2C%22dateFrom%22%3Anull%2C%22dateTo%22%3Anull%2C%22timeFrom%22%3Anull%2C%22timeTo%22%3Anull%7D"
               },
               {
                  "key": "permBtn_stackedGraph_permMetricChart_widget_b382f838-f859-4681-9f1c-704471c9dfb3_e9c86bfa-2233-41a3-a8b7-38c2dd886561",
                  "value": "b%3A1"
               },
               {
                  "key": "permBtn_pan_permMetricChart_widget_b382f838-f859-4681-9f1c-704471c9dfb3_e9c86bfa-2233-41a3-a8b7-38c2dd886561",
                  "value": "b%3A0"
               },
               {
                  "key": "permBtn_zoomAllGraphs_permMetricChart_widget_b382f838-f859-4681-9f1c-704471c9dfb3_e9c86bfa-2233-41a3-a8b7-38c2dd886561",
                  "value": "b%3A0"
               }
            ],
            "title": "Potential Savings",
            "type": "MetricChart"
         }
      ]
   }],
   "entries": {
      "resource": [{
         "adapterKindKey": "VMWARE",
         "identifiers": [],
         "internalId": "resource:id:0_::_",
         "name": "vSphere World",
         "resourceKindKey": "vSphere World"
      }],
      "resourceKind": [
         {
            "adapterKindKey": "VMWARE",
            "internalId": "resourceKind:id:0_::_",
            "resourceKindKey": "ClusterComputeResource"
         },
         {
            "adapterKindKey": "VMWARE",
            "internalId": "resourceKind:id:1_::_",
            "resourceKindKey": "vSphere World"
         }
      ]
   },
   "uuid": "9c399bfb-39e0-4ca0-8457-8158e0883e48"
}